{"v":"5.5.7","fr":25,"ip":0,"op":625,"w":1920,"h":1080,"nm":"029 Website homescreen","ddd":0,"assets":[{"id":"comp_0","layers":[{"ddd":0,"ind":1,"ty":4,"nm":"Yellow shape Outlines","sr":1,"ks":{"o":{"a":0,"k":100,"ix":11},"r":{"a":0,"k":0,"ix":10},"p":{"a":0,"k":[334.597,339.597,0],"ix":2},"a":{"a":0,"k":[334.597,339.597,0],"ix":1},"s":{"a":0,"k":[100,100,100],"ix":6}},"ao":0,"shapes":[{"ty":"gr","it":[{"ind":0,"ty":"sh","ix":1,"ks":{"a":0,"k":{"i":[[0,0],[0,0],[0,0],[0,0],[0,0],[0,0],[0,0],[0,0],[0,0],[0,0],[0,0],[0,0],[0,0],[0,0]],"o":[[0,0],[0,0],[0,0],[0,0],[0,0],[0,0],[0,0],[0,0],[0,0],[0,0],[0,0],[0,0],[0,0],[0,0]],"v":[[-215.302,96.812],[-215.227,55.236],[-215.011,-57.848],[-30.857,-83.969],[-30.892,-97.43],[-30.601,-252.668],[215.303,-118.906],[215.012,36.335],[215.593,191.103],[214.721,190.632],[214.721,191.212],[-215.593,252.668],[-215.373,130.225],[-215.373,129.391]],"c":false},"ix":2},"nm":"Path 1","mn":"ADBE Vector Shape - Group","hd":false},{"ty":"fl","c":{"a":0,"k":[0.592156887054,0.145098045468,0.96862745285,1],"ix":4},"o":{"a":0,"k":100,"ix":5},"r":1,"bm":0,"nm":"Fill 1","mn":"ADBE Vector Graphic - Fill","hd":false},{"ty":"tr","p":{"a":0,"k":[334.597,339.597],"ix":2},"a":{"a":0,"k":[0,0],"ix":1},"s":{"a":0,"k":[100,100],"ix":3},"r":{"a":0,"k":0,"ix":6},"o":{"a":0,"k":100,"ix":7},"sk":{"a":0,"k":0,"ix":4},"sa":{"a":0,"k":0,"ix":5},"nm":"Transform"}],"nm":"Group 1","np":2,"cix":2,"bm":0,"ix":1,"mn":"ADBE Vector Group","hd":false}],"ip":0,"op":750,"st":0,"bm":0}]},{"id":"comp_1","layers":[{"ddd":0,"ind":1,"ty":0,"nm":"Green shape shape","refId":"comp_2","sr":1,"ks":{"o":{"a":0,"k":100,"ix":11},"r":{"a":0,"k":0,"ix":10},"p":{"a":0,"k":[449.5,449.5,0],"ix":2},"a":{"a":0,"k":[449.5,449.5,0],"ix":1},"s":{"a":0,"k":[100,100,100],"ix":6}},"ao":0,"w":899,"h":899,"ip":0,"op":625,"st":0,"bm":0}]},{"id":"comp_2","layers":[{"ddd":0,"ind":2,"ty":4,"nm":"Layer 2 Outlines","td":1,"sr":1,"ks":{"o":{"a":0,"k":100,"ix":11},"r":{"a":0,"k":0,"ix":10},"p":{"a":0,"k":[512.198,237.484,0],"ix":2},"a":{"a":0,"k":[774.407,776.815,0],"ix":1},"s":{"a":0,"k":[100,100,100],"ix":6}},"ao":0,"shapes":[{"ty":"gr","it":[{"ty":"gr","it":[{"ind":0,"ty":"sh","ix":1,"ks":{"a":0,"k":{"i":[[0,0],[0,0]],"o":[[0,0],[0,0]],"v":[[-419.364,419.364],[419.363,-419.363]],"c":false},"ix":2},"nm":"Path 1","mn":"ADBE Vector Shape - Group","hd":false},{"ty":"st","c":{"a":0,"k":[0.149000010771,0.231000010173,0.670999983245,1],"ix":3},"o":{"a":0,"k":100,"ix":4},"w":{"a":0,"k":2,"ix":5},"lc":1,"lj":1,"ml":10,"bm":0,"nm":"Stroke 1","mn":"ADBE Vector Graphic - Stroke","hd":false},{"ty":"rp","c":{"a":0,"k":82,"ix":1},"o":{"a":0,"k":0,"ix":2},"m":1,"ix":3,"tr":{"ty":"tr","p":{"a":0,"k":[-6,-12],"ix":2},"a":{"a":0,"k":[0,0],"ix":1},"s":{"a":0,"k":[100,100],"ix":3},"r":{"a":0,"k":0,"ix":4},"so":{"a":0,"k":100,"ix":5},"eo":{"a":0,"k":100,"ix":6},"nm":"Transform"},"nm":"Repeater 1","mn":"ADBE Vector Filter - Repeater","hd":false},{"ty":"tr","p":{"a":0,"k":[785.182,1463.547],"ix":2},"a":{"a":0,"k":[0,0],"ix":1},"s":{"a":0,"k":[100,100],"ix":3},"r":{"a":0,"k":0,"ix":6},"o":{"a":0,"k":100,"ix":7},"sk":{"a":0,"k":0,"ix":4},"sa":{"a":0,"k":0,"ix":5},"nm":"Transform"}],"nm":"Group 35","np":3,"cix":2,"bm":0,"ix":1,"mn":"ADBE Vector Group","hd":false},{"ty":"tm","s":{"a":0,"k":24,"ix":1},"e":{"a":1,"k":[{"i":{"x":[0.119],"y":[1]},"o":{"x":[0.333],"y":[0]},"t":0,"s":[24]},{"i":{"x":[0.119],"y":[1]},"o":{"x":[0.333],"y":[0]},"t":50,"s":[100]},{"i":{"x":[0.667],"y":[1]},"o":{"x":[0.881],"y":[0]},"t":544,"s":[100]},{"t":576,"s":[24]}],"ix":2},"o":{"a":0,"k":0,"ix":3},"m":1,"ix":2,"nm":"Trim Paths 1","mn":"ADBE Vector Filter - Trim","hd":false},{"ty":"tr","p":{"a":0,"k":[774.408,776.815],"ix":2},"a":{"a":0,"k":[774.408,776.815],"ix":1},"s":{"a":0,"k":[100,100],"ix":3},"r":{"a":0,"k":0,"ix":6},"o":{"a":0,"k":100,"ix":7},"sk":{"a":0,"k":0,"ix":4},"sa":{"a":0,"k":0,"ix":5},"nm":"Transform"}],"nm":"Group 1","np":2,"cix":2,"bm":0,"ix":1,"mn":"ADBE Vector Group","hd":false}],"ip":0,"op":625,"st":0,"bm":0},{"ddd":0,"ind":3,"ty":4,"nm":"Layer 2 Outlines 2","tt":1,"sr":1,"ks":{"o":{"a":0,"k":100,"ix":11},"r":{"a":0,"k":0,"ix":10},"p":{"a":0,"k":[463.198,449.484,0],"ix":2},"a":{"a":0,"k":[774.407,776.815,0],"ix":1},"s":{"a":0,"k":[100,100,100],"ix":6}},"ao":0,"shapes":[{"ty":"gr","it":[{"ind":0,"ty":"sh","ix":1,"ks":{"a":0,"k":{"i":[[0,0],[0,0],[0,0],[0,0],[0,0],[0,0],[0,0],[0,0]],"o":[[0,0],[0,0],[0,0],[0,0],[0,0],[0,0],[0,0],[0,0]],"v":[[277.225,-337.5],[276.667,-38.901],[276.11,259.744],[-0.557,298.599],[-277.224,337.5],[-276.668,38.9],[-276.109,-259.745],[0.557,-298.599]],"c":true},"ix":2},"nm":"Path 1","mn":"ADBE Vector Shape - Group","hd":false},{"ty":"fl","c":{"a":0,"k":[0.156862750649,0.247058823705,0.647058844566,1],"ix":4},"o":{"a":0,"k":100,"ix":5},"r":1,"bm":0,"nm":"Fill 1","mn":"ADBE Vector Graphic - Fill","hd":false},{"ty":"tr","p":{"a":0,"k":[760.71,776.831],"ix":2},"a":{"a":0,"k":[0,0],"ix":1},"s":{"a":0,"k":[100,100],"ix":3},"r":{"a":0,"k":0,"ix":6},"o":{"a":0,"k":100,"ix":7},"sk":{"a":0,"k":0,"ix":4},"sa":{"a":0,"k":0,"ix":5},"nm":"Transform"}],"nm":"Group 1","np":2,"cix":2,"bm":0,"ix":1,"mn":"ADBE Vector Group","hd":false}],"ip":0,"op":625,"st":0,"bm":0}]},{"id":"comp_3","layers":[{"ddd":0,"ind":1,"ty":4,"nm":"Blue shape Outlines","sr":1,"ks":{"o":{"a":0,"k":100,"ix":11},"r":{"a":0,"k":0,"ix":10},"p":{"a":0,"k":[421,425,0],"ix":2},"a":{"a":0,"k":[421,425,0],"ix":1},"s":{"a":0,"k":[100,100,100],"ix":6}},"ao":0,"shapes":[{"ty":"gr","it":[{"ind":0,"ty":"sh","ix":1,"ks":{"a":0,"k":{"i":[[0,0],[0,0],[0,0],[0,0],[0,0],[0,0],[0,0],[0,0],[0,0],[0,0],[0,0],[0,0],[0,0],[0,0],[0,0],[0,0],[0,0],[0,0],[0,0],[0,0],[0,0],[0,0],[0,0],[0,0],[0,0],[0,0],[0,0]],"o":[[0,0],[0,0],[0,0],[0,0],[0,0],[0,0],[0,0],[0,0],[0,0],[0,0],[0,0],[0,0],[0,0],[0,0],[0,0],[0,0],[0,0],[0,0],[0,0],[0,0],[0,0],[0,0],[0,0],[0,0],[0,0],[0,0],[0,0]],"v":[[244.185,-231.229],[244.012,-231.205],[169.029,-271.994],[169.029,-272.165],[90.289,-315],[-47.262,-295.667],[-184.824,-276.335],[-322.375,-257.003],[-322.099,-256.854],[-322.375,-108.568],[-322.65,-108.529],[-322.375,-108.379],[-322.649,39.895],[-322.926,39.934],[-322.65,40.083],[-322.926,188.396],[-245.928,230.283],[-245.928,230.603],[-167.188,273.437],[-167.014,273.413],[-90.564,315],[46.986,295.669],[184.547,276.336],[322.099,257.004],[322.374,108.53],[322.65,-39.932],[322.926,-188.395]],"c":true},"ix":2},"nm":"Path 1","mn":"ADBE Vector Shape - Group","hd":false},{"ty":"fl","c":{"a":0,"k":[0.596078455448,0.945098042488,0.603921592236,1],"ix":4},"o":{"a":0,"k":100,"ix":5},"r":1,"bm":0,"nm":"Fill 1","mn":"ADBE Vector Graphic - Fill","hd":false},{"ty":"tr","p":{"a":0,"k":[420.094,423.783],"ix":2},"a":{"a":0,"k":[0,0],"ix":1},"s":{"a":0,"k":[100,100],"ix":3},"r":{"a":0,"k":0,"ix":6},"o":{"a":0,"k":100,"ix":7},"sk":{"a":0,"k":0,"ix":4},"sa":{"a":0,"k":0,"ix":5},"nm":"Transform"}],"nm":"Group 1","np":2,"cix":2,"bm":0,"ix":1,"mn":"ADBE Vector Group","hd":false}],"ip":0,"op":750,"st":0,"bm":0}]}],"layers":[{"ddd":0,"ind":1,"ty":4,"nm":"Shape Layer 1","sr":1,"ks":{"o":{"a":0,"k":100,"ix":11},"r":{"a":1,"k":[{"i":{"x":[0.833],"y":[0.833]},"o":{"x":[0.167],"y":[0.167]},"t":0,"s":[75]},{"t":749,"s":[100]}],"ix":10},"p":{"a":0,"k":[960,540,0],"ix":2},"a":{"a":0,"k":[-50.34,19.66,0],"ix":1},"s":{"a":0,"k":[100,100,100],"ix":6}},"ao":0,"shapes":[{"ty":"gr","it":[{"ty":"rc","d":1,"s":{"a":0,"k":[287.32,287.32],"ix":2},"p":{"a":0,"k":[0,0],"ix":3},"r":{"a":0,"k":0,"ix":4},"nm":"Rectangle Path 1","mn":"ADBE Vector Shape - Rect","hd":false},{"ty":"st","c":{"a":0,"k":[0.090195996154,0.105881993911,0.2,1],"ix":3},"o":{"a":0,"k":0,"ix":4},"w":{"a":0,"k":4,"ix":5},"lc":1,"lj":1,"ml":4,"bm":0,"nm":"Stroke 1","mn":"ADBE Vector Graphic - Stroke","hd":false},{"ty":"fl","c":{"a":0,"k":[0.090000002992,0.105999995213,0.2,1],"ix":4},"o":{"a":0,"k":0,"ix":5},"r":1,"bm":0,"nm":"Fill 1","mn":"ADBE Vector Graphic - Fill","hd":false},{"ty":"tr","p":{"a":0,"k":[-50.34,19.66],"ix":2},"a":{"a":0,"k":[0,0],"ix":1},"s":{"a":0,"k":[100,100],"ix":3},"r":{"a":0,"k":0,"ix":6},"o":{"a":0,"k":100,"ix":7},"sk":{"a":0,"k":0,"ix":4},"sa":{"a":0,"k":0,"ix":5},"nm":"Transform"}],"nm":"Rectangle 1","np":3,"cix":2,"bm":0,"ix":1,"mn":"ADBE Vector Group","hd":false}],"ip":0,"op":625,"st":0,"bm":0},{"ddd":0,"ind":2,"ty":0,"nm":"Pink shape","parent":1,"refId":"comp_0","sr":1,"ks":{"o":{"a":0,"k":100,"ix":11},"r":{"a":0,"k":-90,"ix":10},"p":{"a":1,"k":[{"i":{"x":0,"y":1},"o":{"x":0.102,"y":0.996},"t":0,"s":[-832.34,1403.66,0],"to":[0,-142.667,0],"ti":[0,142.667,0]},{"i":{"x":0,"y":0},"o":{"x":0.167,"y":0.167},"t":75,"s":[-832.34,547.66,0],"to":[0,0,0],"ti":[0,0,0]},{"i":{"x":1,"y":0.999},"o":{"x":1,"y":0},"t":500,"s":[-832.34,547.66,0],"to":[-32.773,38.499,0],"ti":[32.773,-38.499,0]},{"t":575,"s":[-1028.98,778.653,0]}],"ix":2},"a":{"a":0,"k":[335,340,0],"ix":1},"s":{"a":0,"k":[205,205,100],"ix":6}},"ao":0,"w":670,"h":680,"ip":0,"op":625,"st":0,"bm":0},{"ddd":0,"ind":3,"ty":0,"nm":"Green shape shape 2","refId":"comp_1","sr":1,"ks":{"o":{"a":0,"k":100,"ix":11},"r":{"a":0,"k":0,"ix":10},"p":{"a":1,"k":[{"i":{"x":0.667,"y":1},"o":{"x":0.333,"y":0},"t":0,"s":[-207,932,0],"to":[0,-28,0],"ti":[0,28,0]},{"t":544,"s":[-207,764,0]}],"ix":2},"a":{"a":0,"k":[449.5,449.5,0],"ix":1},"s":{"a":0,"k":[100,100,100],"ix":6}},"ao":0,"w":899,"h":899,"ip":0,"op":625,"st":0,"bm":0},{"ddd":0,"ind":4,"ty":0,"nm":"Blue shape","parent":1,"refId":"comp_3","sr":1,"ks":{"o":{"a":0,"k":100,"ix":11},"r":{"a":0,"k":-90,"ix":10},"p":{"a":1,"k":[{"i":{"x":0,"y":1},"o":{"x":0.128,"y":1},"t":3,"s":[1100.625,-1440.213,0],"to":[-56.827,122.312,0],"ti":[56.827,-122.312,0]},{"i":{"x":0,"y":0},"o":{"x":0.167,"y":0.167},"t":78,"s":[759.66,-706.34,0],"to":[0,0,0],"ti":[0,0,0]},{"i":{"x":0.871,"y":0},"o":{"x":0.892,"y":0},"t":500,"s":[759.66,-706.34,0],"to":[47.549,-3.346,0],"ti":[-47.549,3.346,0]},{"t":577,"s":[1044.955,-726.417,0]}],"ix":2},"a":{"a":0,"k":[421,425,0],"ix":1},"s":{"a":0,"k":[174,174,100],"ix":6}},"ao":0,"w":842,"h":850,"ip":0,"op":625,"st":0,"bm":0},{"ddd":0,"ind":5,"ty":4,"nm":"Blue background Outlines","sr":1,"ks":{"o":{"a":0,"k":100,"ix":11},"r":{"a":0,"k":0,"ix":10},"p":{"a":0,"k":[960,540,0],"ix":2},"a":{"a":0,"k":[960.25,540.25,0],"ix":1},"s":{"a":0,"k":[100,100,100],"ix":6}},"ao":0,"shapes":[{"ty":"gr","it":[{"ind":0,"ty":"sh","ix":1,"ks":{"a":0,"k":{"i":[[0,0],[0,0],[0,0],[0,0]],"o":[[0,0],[0,0],[0,0],[0,0]],"v":[[-960,540],[960,540],[960,-540],[-960,-540]],"c":true},"ix":2},"nm":"Path 1","mn":"ADBE Vector Shape - Group","hd":false},{"ty":"fl","c":{"a":0,"k":[0.019999999626,0.078000005086,0.219999994016,1],"ix":4},"o":{"a":0,"k":100,"ix":5},"r":1,"bm":0,"nm":"Fill 1","mn":"ADBE Vector Graphic - Fill","hd":false},{"ty":"tr","p":{"a":0,"k":[960.25,540.25],"ix":2},"a":{"a":0,"k":[0,0],"ix":1},"s":{"a":0,"k":[100,100],"ix":3},"r":{"a":0,"k":0,"ix":6},"o":{"a":0,"k":100,"ix":7},"sk":{"a":0,"k":0,"ix":4},"sa":{"a":0,"k":0,"ix":5},"nm":"Transform"}],"nm":"Group 1","np":2,"cix":2,"bm":0,"ix":1,"mn":"ADBE Vector Group","hd":false}],"ip":0,"op":750,"st":0,"bm":0}],"markers":[]}